show, panel,gram,gram_canonical
yes, scale,gene,gene
yes, scale,genes,gene
yes, scale,cell,cell
yes, scale,cells,cell
yes, scale,individual,individual
yes, scale,individuals,individual
yes, scale,organism,organism
yes, scale,organisms,organism
yes, scale,species,species
yes, scale,population,population
yes, scale,populations,population
yes, scale,meta population,meta-population
yes, scale,metapopulation,meta-population
yes, scale,community,community
yes, scale,communities,community
yes, scale,meta community,meta-community
yes, scale,metacommunity,meta-community
yes, scale,ecosystem,ecosystem
yes, scale,ecosystems,ecosystem
yes, scale,landscape,landscape
yes, scale,landscapes,landscape
yes, scale,biome,biome
yes, scale,biomes,biome
yes, scale,biosphere,biosphere
yes, metrics,species richness,species richness
yes, metrics,richness,richness
yes, metrics,species diversity,species diversity
yes, metrics,diversity,diversity
yes, metrics,functional diversity,functional diversity
yes, metrics,species evenness,species evenness
yes,metrics,taxonomic diversity,taxonomic diversity
yes, metrics,evenness,evenness
yes, metrics,phylogenetic diversity,phylogenetic diversity
yes, structure,niche,niche
yes, structure,neutral theory,neutral theory
yes, structure,community structure,community structure
yes, structure,community assembly,community assembly
yes, structure,environmental filtering,environmental filtering
yes, connection,corridors,corridors
yes, connection,biological corridors,corridors
yes, connection,range expansion,range expansion
yes, connection,dispersal limitation,dispersal limitation
yes, connection,connectivity,connectivity
yes, pop_dynamics,equilibrium,equilibrium
yes, pop_dynamics,population dynamics,population dynamics
yes, pop_dynamics,carrying capacity,carrying capacity
yes, pop_dynamics,density dependence,density dependence
yes, pop_dynamics,density independence,density independence
no, pop_dynamics,r selected,r-selected
no, pop_dynamics,k selected,k-selected
no, pop_dynamics,logistic population growth,logistic population growth
no, pop_dynamics,logistic growth,logistic growth
no, pop_dynamics,exponential population growth,exponential population growth
no, pop_dynamics,exponential growth,exponential growth
yes, scale - no species,gene,gene
yes, scale - no species,cell,cell
yes, scale - no species,individual,individual
yes, scale - no species,organism,organism
yes, scale - no species,population,population
yes, scale - no species,meta population,meta-population
yes, scale - no species,metapopulation,meta-population
yes, scale - no species,community,community
yes, scale - no species,meta community,meta-community
yes, scale - no species,metacommunity,meta-community
yes, scale - no species,ecosystem,ecosystem
yes, scale - no species,landscape,landscape
yes, scale - no species,biome,biome
yes, scale - no species,biosphere,biosphere